{
    "total_return_pct": -0.43167999999999296,
    "win_rate": 1.0,
    "profit_factor": Infinity,
    "max_drawdown_pct": 4.760259999999994,
    "sharpe_ratio": -0.06595183189677248,
    "total_trades": 1,
    "avg_trade_return_pct": 9.068412229584096,
    "avg_win_pct": 9.068412229584096,
    "avg_loss_pct": 0,
    "regime_performance": {
        "range_bound": {
            "trades": 1,
            "win_rate": 1.0,
            "total_return": 431.67999999999995
        }
    },
    "strategy_performance": {
        "mean_reversion": {
            "trades": 1,
            "win_rate": 1.0,
            "total_return": 431.67999999999995
        }
    }
}