{
    "Full Year 2023": {
        "period": "Full Year 2023",
        "total_return_pct": {
            "original": 15.46173731994629,
            "enhanced": 16534.579341949466,
            "difference": 16519.11760462952,
            "percent_improvement": 106838.6900049011
        },
        "annualized_return_pct": {
            "original": 15.507350227549344,
            "enhanced": 16769.93866735994,
            "difference": 16754.431317132392,
            "percent_improvement": 108041.87092755258
        },
        "sharpe_ratio": {
            "original": 18.467135310818005,
            "enhanced": 6.482381599835367,
            "difference": -11.984753710982638,
            "percent_improvement": -64.89774136198588
        },
        "max_drawdown_pct": {
            "original": 3.0343053436560044,
            "enhanced": 0.3960559650816162,
            "difference": -2.638249378574388,
            "percent_improvement": 86.94739255857445
        },
        "win_rate": {
            "original": 0.675,
            "enhanced": 0.6444897959183673,
            "difference": -0.03051020408163274,
            "percent_improvement": -4.5200302343159615
        },
        "profit_factor": {
            "original": 1.49911258110211,
            "enhanced": 4.1999034087269544,
            "difference": 2.7007908276248447,
            "percent_improvement": 180.15930635705098
        },
        "total_trades": {
            "original": 40,
            "enhanced": 2450,
            "difference": 2410,
            "percent_change": 6025.0
        }
    },
    "Bull Market H1 2023": {
        "period": "Bull Market H1 2023",
        "total_return_pct": {
            "original": 12.16094578552247,
            "enhanced": 10901.473307296754,
            "difference": 10889.31236151123,
            "percent_improvement": 89543.30159480596
        },
        "annualized_return_pct": {
            "original": 21.960442136175896,
            "enhanced": 339853.655709111,
            "difference": 339831.69526697486,
            "percent_improvement": 1547472.009714973
        },
        "sharpe_ratio": {
            "original": 0.0,
            "enhanced": 6.256681610220091,
            "difference": 6.256681610220091,
            "percent_improvement": 0
        },
        "max_drawdown_pct": {
            "original": 0.0,
            "enhanced": 0.764339260457188,
            "difference": 0.764339260457188,
            "percent_improvement": 0
        },
        "win_rate": {
            "original": 0.7,
            "enhanced": 0.7830985915492957,
            "difference": 0.08309859154929577,
            "percent_improvement": 11.871227364185112
        },
        "profit_factor": {
            "original": 10.07026940778996,
            "enhanced": 3.9782588014226006,
            "difference": -6.092010606367359,
            "percent_improvement": -60.49501120252872
        },
        "total_trades": {
            "original": 10,
            "enhanced": 1420,
            "difference": 1410,
            "percent_change": 14100.0
        }
    },
    "Volatile Q3 2023": {
        "period": "Volatile Q3 2023",
        "total_return_pct": {
            "original": -1.659383430480954,
            "enhanced": 1139.6926311492919,
            "difference": 1141.352014579773,
            "percent_improvement": 68781.6928634128
        },
        "annualized_return_pct": {
            "original": -6.491336545560156,
            "enhanced": 2428022.0826010196,
            "difference": 2428028.573937565,
            "percent_improvement": 37404139.454119824
        },
        "sharpe_ratio": {
            "original": 0.0,
            "enhanced": 20.742945331695594,
            "difference": 20.742945331695594,
            "percent_improvement": 0
        },
        "max_drawdown_pct": {
            "original": 0.0,
            "enhanced": 0.7950124141377505,
            "difference": 0.7950124141377505,
            "percent_improvement": 0
        },
        "win_rate": {
            "original": 0.3,
            "enhanced": 0.7921875,
            "difference": 0.49218750000000006,
            "percent_improvement": 164.06250000000003
        },
        "profit_factor": {
            "original": 0.3868153854861879,
            "enhanced": 5.796492022342769,
            "difference": 5.409676636856581,
            "percent_improvement": 1398.5164085593865
        },
        "total_trades": {
            "original": 10,
            "enhanced": 640,
            "difference": 630,
            "percent_change": 6300.0
        }
    },
    "Year-End Rally 2023": {
        "period": "Year-End Rally 2023",
        "total_return_pct": {
            "original": 4.3029921646118074,
            "enhanced": 106.56537664794921,
            "difference": 102.2623844833374,
            "percent_improvement": 2376.5412664320515
        },
        "annualized_return_pct": {
            "original": 29.21273956871233,
            "enhanced": 8152.774327960111,
            "difference": 8123.561588391399,
            "percent_improvement": 27808.284016922407
        },
        "sharpe_ratio": {
            "original": 15.874507866387544,
            "enhanced": 30.072993275249875,
            "difference": 14.19848540886233,
            "percent_improvement": 89.44205091816421
        },
        "max_drawdown_pct": {
            "original": 0.0,
            "enhanced": 2.724752013628592,
            "difference": 2.724752013628592,
            "percent_improvement": 0
        },
        "win_rate": {
            "original": 0.7,
            "enhanced": 0.6128205128205129,
            "difference": -0.08717948717948709,
            "percent_improvement": -12.454212454212442
        },
        "profit_factor": {
            "original": 2.181296790410045,
            "enhanced": 1.9007713616438164,
            "difference": -0.28052542876622866,
            "percent_improvement": -12.860488769778772
        },
        "total_trades": {
            "original": 20,
            "enhanced": 390,
            "difference": 370,
            "percent_change": 1850.0
        }
    },
    "June 2023": {
        "period": "June 2023",
        "total_return_pct": {
            "original": 10.222702484130863,
            "enhanced": 163.38925965881347,
            "difference": 153.16655717468262,
            "percent_improvement": 1498.298100844171
        },
        "annualized_return_pct": {
            "original": 240.43346431414446,
            "enhanced": 19666723.633629624,
            "difference": 19666483.20016531,
            "percent_improvement": 8179594.8231522245
        },
        "sharpe_ratio": {
            "original": 0.0,
            "enhanced": 24.80234793312823,
            "difference": 24.80234793312823,
            "percent_improvement": 0
        },
        "max_drawdown_pct": {
            "original": 0.0,
            "enhanced": 0.703835800411821,
            "difference": 0.703835800411821,
            "percent_improvement": 0
        },
        "win_rate": {
            "original": 0.8,
            "enhanced": 0.69,
            "difference": -0.1100000000000001,
            "percent_improvement": -13.750000000000012
        },
        "profit_factor": {
            "original": 7.406748503295044,
            "enhanced": 6.332350893969133,
            "difference": -1.0743976093259109,
            "percent_improvement": -14.505658033993498
        },
        "total_trades": {
            "original": 10,
            "enhanced": 200,
            "difference": 190,
            "percent_change": 1900.0
        }
    }
}