Configuration,Win Rate,Profit Factor,Sharpe Ratio,Return (%)
Default,0.49670995670995666,2.834540226655027,1.8856363042632183,0.09986608397646313
Optimized,0.5164285714285715,1.792660246038324,0.5673033651292617,0.3708121253513097
Variant,0.5265966386554621,4.623468894154717,2.789592411471644,0.1958888253298796
